{
  "timestamp": "2025-08-27T14:46:29.001373",
  "total_tests": 3,
  "passed_tests": 1,
  "success_rate": 33.33333333333333,
  "total_execution_time": 0.7032930850982666,
  "production_ready": false,
  "detailed_results": {
    "Generation 1 - MAKE IT WORK": {
      "passed": false,
      "execution_time": 0.3343539237976074
    },
    "Generation 2 - MAKE IT ROBUST": {
      "passed": true,
      "execution_time": 0.34320569038391113
    },
    "Generation 3 - MAKE IT SCALE": {
      "passed": false,
      "execution_time": 0.025154829025268555
    }
  }
}